Sofia,Aranza Guadalupe,Hernandez,Vela
Maria Jose,Santiago,Garcia,Estrella
Regina,Mateo,Martinez,Tello
Valentina,Sebastian,Lopez,Calixto
Camila,Leonardo,Gonzalez,Niño
Ximena,Emiliano,Perez,Perales
Victoria,Matias,Rodriguez,Vilchis
Renata,Diego,Sanchez,Hilario
Maria Fernanda,Daniel,Ramirez,Marcos
Valeria,Miguel Angel,Cruz,Fabian
Natalia,Alexander,Gomez,Gastelum
Isabella,Alejandro,Flores,Servin
Romina,Gael,Morales,Puc
Daniela,Jesus,Vazquez,Oliva
Alexa,Angel,Jimenez,Quiñones
Ana Sofia,David,Reyes,Sarabia
Andrea,Emmanuel,Diaz,Segovia
Maria Guadalupe,Luis Angel,Torres,Mosqueda
Melissa,Rodrigo,Gutierrez,Dzib
Fernanda,Fernando,Ruiz,Dorantes
Samantha,Maximiliano,Mendoza,Landa
Aitana,Dylan,Aguilar,Carlos
Elizabeth,Jose Angel,Mendez,Ascencio
Yamileth,Tadeo,Moreno,Pantoja
Guadalupe,Jose Luis,Ortiz,Saldivar
Mariana,Gabriel,Juarez,Villaseñor
Ana Victoria,Eduardo,Castillo,Tamayo
Ana Paula,Juan Pablo,Alvarez,Aldana
Fatima,Rafael,Romero,Tun
Abigail,Isaac,Ramos,Plascencia
Emily,Samuel,Rivera,Padron
Julieta,Axel,Chavez,Preciado
Alejandra,Juan Carlos,De La Cruz,Bojorquez
Esmeralda,Nicolas,Dominguez,Armendariz
Vanessa,Emilio,Guzman,Paez
Estefania,Jose Manuel,Velazquez,Viveros
Evelyn,Damian,Santiago,Aceves
Luciana,Leonel,Herrera,Palafox
Jimena,Elias,Castro,Larios
Miranda,Ricardo,Vargas,Peñaloza
Lucia,Alexis,Medina,Aguayo
Ivanna,Adrian,Rojas,Alvaro
Kimberly,Mauricio,Muñoz,Chaparro
Itzayana,Antonio,Luna,Meraz
Sofia Guadalupe,Alan,Contreras,Fierro
Carolina,Jonathan,Bautista,Alcaraz
Danna Sofia,Francisco,Salazar,Oropeza
Alondra,Carlos,Ortega,Cristobal
Aranza,Angel Gabriel,Guerrero,Lozada
Emma,Cristian,Estrada,Ibañez
Maria,Javier,Cortes,Lomeli
Paulina,Josue,Espinoza,Camargo
Genesis,Jose Antonio,Soto,Naranjo
Aylin,Jose Miguel,Alvarado,Ek
Ana Lucia,Julian,Lara,Ovando
Monserrat,Aaron,Carrillo,Santoyo
Angela,Luis Fernando,Avila,Sebastian
Abril,Iker,Cervantes,Tirado
Mia,Miguel,Silva,Bueno
Dulce Maria,Andres,Rios,Centeno
Lia,Liam,Santos,Elizalde
Elisa,Uriel,Marquez,Calvillo
Emilia,Manuel,Mejia,Pool
Melany,Juan Diego,Vega,De La Luz
Dayana,Ismael,Sandoval,Bahena
Nicole,Juan,Delgado,Teran
Ariana,Jose Maria,Nuñez,Loredo
Samara,Ivan,Ibarra,Bernabe
Gabriela,Abraham,Solis,Narvaez
Zoe,Pedro,Rosas,Barbosa
Allison,Juan Jose,Leon,Coronel
Elena,Pablo,Valdez,Colorado
Rebeca,Erick,Campos,Feliciano
Sara,Ian,Fernandez,Briseño
Frida Sofia,Oliver,Rosales,Mendiola
Alisson,Roberto,Camacho,Gregorio
Diana,Carlos Daniel,Maldonado,De Santiago
Paola,Gerardo,Nava,Salcedo
Michelle,Alonso,Valencia,Valentin
Mia Isabella,Brayan,Navarro,Pimentel
Adriana,Jorge,Cabrera,Isidro
Maria Victoria,Angel Mateo,Acosta,Canales
Marisol,Saul,Miranda,Simon
Alexandra,Israel,Peña,Gordillo
Estrella,Marco Antonio,Pacheco,Pichardo
Emma Sofia,Jose,Huerta,Blas
Karla,Bruno,Trejo,Solorio
Naomi,Arturo,De Jesus,Izquierdo
Liliana,Juan Manuel,Molina,Arguello
Alison,Omar,Antonio,Geronimo
Catalina,Ian Mateo,Castañeda,Lima
Aurora,Kevin,Salas,Regalado
Itzel,Gustavo,Meza,Valles
Luz Maria,Oscar,Robles,Dimas
Lizbeth,Angel Daniel,Fuentes,Burgos
Jazmin,Hector,Rangel,Alegria
Isabel,Angel Gael,Padilla,Galaviz
Mia Valentina,Jesus Antonio,Orozco,Perea
Lucero,Elian,Valenzuela,Porras
Yaretzi,Martin,Ayala,Corrales
Jennifer,Alfredo,Cardenas,Sepulveda
Montserrat,Dante,Zuñiga,Cayetano
Alexa Guadalupe,Esteban,Aguirre,Bartolo
Paula,Francisco Javier,Serrano,Camarena
Katherine,Salvador,Mora,Olivera
Arleth,Sergio,Macias,Garibay
Melanie,Brandon,Velasco,Zazueta
Mia Guadalupe,Raul,Duran,Ignacio
Sofia Valentina,Angel Tadeo,Salinas,Brito
Mayte,Angel David,Tapia,Farias
Yoselin,Ezequiel,Ochoa,Patricio
Ana Maria,Thiago,Santiz,Conde
Kailani,Jesus Tadeo,Zamora,Palomares
Hanna,Enrique,Olvera,Victoria
Antonella,Luis Antonio,Arellano,Moo
Yareli,Jose Eduardo,Espinosa,Cepeda
Victoria Guadalupe,Moises,Arias,Curiel
Kenia,Jesus Alejandro,Calderon,Lucero
Maria Isabel,Julio Cesar,Suarez,Rafael
Sarahi,Alberto,Alonso,Basilio
Emily Sofia,Emanuel,Marin,Mandujano
Ximena Guadalupe,Cesar,Gallegos,Fajardo
Grecia,Victor Manuel,Villegas,Mateos
Frida,Mario,Montes,Carrizales
Yamilet,Jesus Daniel,Barrera,Mauricio
Camila Guadalupe,Benjamin,Zavala,Nevarez
Maria Del Carmen,Jose Carlos,Vasquez,Manriquez
Danna Paola,Ian Alexander,Esquivel,Pedro
Alicia,Jose Daniel,Villanueva,Llamas
Barbara,Angel Santiago,Beltran,Montes De Oca
Nahomi,Armando,Franco,Santamaria
Lia Victoria,Luis,Galvan,Alberto
Margarita,Joshua,Lozano,Olmedo
Ana Paola,Fabian,Andrade,Dueñas
Jade,Ian Gael,Ponce,Oviedo
Monserrath,Cristopher,Trujillo,Madrid
Ariadna,Jesus Adrian,Rocha,Victoriano
Juana,Jesus Eduardo,Cortez,Maciel
Mia Sofia,Edgar,Galindo,Mariano
Constanza,Isaias,Sosa,Basurto
Alexa Sofia,Dilan,Figueroa,Moctezuma
Angelica,Jose Julian,Palacios,Onofre
Maria Paula,Ulises,Cano,Noh
Lia Sofia,Christopher,Villa,Lerma
Julia,Adriel,Corona,Moya
Aitana Guadalupe,Jose Guadalupe,Rubio,Botello
Denisse,Luis Alberto,Bravo,Terrazas
Regina Guadalupe,Edwin,Pineda,Sauceda
Violeta,Dylan Gael,Escobar,Garay
Maria Alejandra,Luis Daniel,Bernal,Javier
Tania,Angel De Jesus,Osorio,Quiñonez
Milagros,Caleb,Benitez,Loza
Scarlett,Christian,Carmona,Quevedo
Brenda,Guillermo,Resendiz,Mayo
Rosa,Juan Antonio,Cuevas,Grimaldo
Danna,Ian Santiago,Mata,Mendieta
Giselle,Luis Enrique,Montoya,Almazan
Evelin,Joel,Cordova,Rivero
Nataly,Jorge Luis,De La Rosa,Jauregui
Cecilia,Jose De Jesus,Enriquez,Valdovinos
Mia Victoria,Yahir,Parra,Medel
Helena,Abdiel,Rivas,Ovalle
Luisa Fernanda,Jesus Alexander,Tellez,Ambrosio
Karla Sofia,Dylan Mateo,Francisco,Villagomez
Maria De Jesus,Iker Gael,Tovar,Zavaleta
Isabela,Valentin,Becerra,Puga
Maria Elena,Jesus Manuel,Leyva,Hipolito
Lia Valentina,Jesus Emmanuel,Cisneros,Julian
Miriam,Patricio,Esparza,Albarran
Rosa Maria,Rogelio,Avalos,Marcelino
Ashley,Andre,Quintero,Medellin
Alexia,Jesus Santiago,Garza,Orta
Estefany,Zaid,Del Angel,Bocanegra
Monica,Jesus Mateo,Chan,Castañon
Geraldine,Jose Alfredo,Arroyo,Montelongo
Anahi,Daniel Alejandro,De Leon,Elizondo
Grettel,Angel Eduardo,Roman,Cordoba
Mariel,Jesus Alberto,Barajas,Partida
Amaya,Jose Alberto,Felix,Benito
Noemi,Jose Emiliano,Peralta,Ulloa
Sarai,Angel Jesus,Quiroz,Baeza
Aitana Sofia,Victor,Salgado,Palomo
Maria Regina,Marcos,Zarate,Ake
Yazmin,Ernesto,Vera,Barba
Lizeth,Marcelo,Murillo,Aburto
Olivia,Jesus Gael,Guevara,Carvajal
Teresa,Joaquin,Segura,De Dios
Valeria Guadalupe,Mariano,Saucedo,Falcon
Romina Guadalupe,Alex,Montiel,Arvizu
Yuliana,Ruben,Reyna,Luciano
Karina,Said,Ventura,Velazco
Melisa,Liam Alexander,Olivares,Calvo
Jessica,Ian Tadeo,Solano,Urias
Danae,Jose Alejandro,Santana,Araiza
Sofia Victoria,Misael,Lugo,Manzo
Yatziri,Dario,Gallardo,Dolores
Araceli,Dylan Alexander,Villalobos,Laguna
Dania,Liam Santiago,Castellanos,Can
Ana Karen,Liam Mateo,Angeles,Ferrer
Maria Sofia,Jose David,Zapata,Lazcano
Amelia,Liam Gael,Villarreal,Plata
Arely,Luis Eduardo,Guillen,Lezama
Gianna,Hugo,De Los Santos,Gudiño
Sandra,Ian Daniel,Navarrete,Garnica
Dariana,Cristofer,Arriaga,Lechuga
Mia Nicole,Jesus Emiliano,Paredes,Mariscal
Alessandra,Luis David,Davila,Iñiguez
Milagros Guadalupe,Yael,Mercado,Ambriz
Cristina,Iker Alexander,Escobedo,Fragoso
Keyla,Jose Mateo,Guerra,Tuz
Sophia,Jose Armando,Saldaña,Palomino
Karen,Agustin,Mondragon,Ocaña
Renata Guadalupe,Axel Gael,Leal,Arguelles
Aitana Valentina,Eithan,Zepeda,Melo
Amanda,Alvaro,Nieto,Patishtan
Andrea Guadalupe,Franco,Barrios,Toribio
Emma Victoria,Jose Francisco,Piña,Guadalupe
Maribel,Jose Santiago,Granados,Galeana
Daniela Guadalupe,Dylan Jesus,May,Olan
Sofia Isabella,Jose Tadeo,Barron,Dionicio
Hanna Sofia,Ian Jesus,Yañez,Davalos
Lia Fernanda,Jacob,Balderas,Paniagua
Melani,Maximo,Godinez,Almeida
Raquel,Alfonso,Acevedo,Higuera
Maria Valentina,Jared,Magaña,Sevilla
Veronica,Luis Mateo,Rico,Ballesteros
Emily Guadalupe,Ian Alejandro,Ojeda,Echeverria
Camila Sofia,Matias Alejandro,Bonilla,Alonzo
Fabiola,Carlos Alberto,Islas,Cid
Sofia Elizabeth,Adan,Palma,Zamarripa
Kimberly Guadalupe,Gonzalo,Gil,Alcocer
Mia Fernanda,Juan Daniel,Lorenzo,Mojica
Zoe Valentina,Angel Matias,Medrano,Aviña
Roxana,Anthony,Salvador,Benavides
Esperanza,Jose Gael,Pech,Pat
Paula Sofia,Angel Uriel,Gamez,Escalona
Belen,Noe,Coronado,Gasca
Sofia Alejandra,Carlos Eduardo,Carrera,Rosado
Ana Valeria,Diego Alejandro,Monroy,Infante
Erika,Jesus David,Duarte,Amezcua
Arantza,Lucas,Alfaro,Encarnacion
Danna Victoria,Gilberto,Caballero,Loya
Esther,Luis Alejandro,Galicia,Salmeron
Berenice,Axel Mateo,Trinidad,Calzada
Maria Belen,Efrain,Najera,Rizo
Vanesa,Angel Damian,Blanco,Arana
Jaqueline,Diego Alexander,Arredondo,Cornelio
Lia Guadalupe,Iker Santiago,Uribe,Zurita
Nayeli,Luis Manuel,Carranza,Lujan
Diana Sofia,Noah,Garduño,Catalan
Ivana,Osvaldo,Amador,Apolinar
Maria Isabella,Emir,Roblero,Cobos
Johana,Cristobal,Arcos,Haro
Keily,Luis Santiago,Gaytan,Gurrola
Angela Sofia,Mateo Alexander,Aguilera,Rascon
Nathalia,Iker Daniel,Baltazar,Jara
Ana Laura,Juan Jesus,Melendez,Montañez
Citlali,Axel Daniel,Sierra,Castrejon
Leilani,Felipe,Armenta,Celis
Cristal,Giovanni,Barragan,Euan
Vania,Iker Mateo,Aparicio,Calihua
Fatima Guadalupe,Jaime,Vidal,Otero
Luz Elena,Abel,Galvez,Canseco
Maria Luisa,Dylan Tadeo,Romo,Lagunas
Wendy,Jose Fernando,Carbajal,Blancas
Rubi,Isai,Escalante,Favela
Lesly,Gael Alexander,Escamilla,Villalba
Marian,Angel Manuel,Renteria,Zamorano
Valentina Guadalupe,Aldo,Montalvo,Del Rio
Lia Isabella,Juan Angel,Arenas,Holguin
Leslie,Jaziel,Merino,Ugalde
Maria Ines,Jose Juan,Roque,Cardoso
Sofia Yamileth,Mateo Alejandro,Jaramillo,Alva
Karime,Leonardo Daniel,Ocampo,Murrieta
Alexa Valentina,Gael Alejandro,Correa,Uicab
Mariela,Juan David,Gaspar,Reza
Luna,Carlos Mateo,Hurtado,Gongora
Martha,Carlos Santiago,Tolentino,Valladares
Susana,Angel Antonio,Baez,Silverio
Marlen,Eliseo,Miguel,Vizcarra
Yamileth Guadalupe,Jesus Gabriel,Lazaro,Baca
Ana,Dylan Santiago,Arreola,Chuc
Paulette,David Alejandro,Venegas,San Juan
Kendra,Carlos Manuel,Martin,Bucio
Amairany,Erik,Valadez,Galan
Marina,Octavio,Quezada,Moncada
Emma Valentina,Roman,Aranda,Cen
Itzel Guadalupe,Jose Pablo,Santillan,Colli
Leah,Ethan,Alcantara,Guajardo
Xiomara,Jose Emilio,Moran,Monreal
Ines,Jose Emmanuel,Anaya,Mayorga
Amairani,Daniel Alexander,Zaragoza,Olea
Patricia,Carlos Antonio,Nicolas,Panzo
Maritza,Eliel,Valle,Alfonso
Sarah,Vicente,Canul,Miramontes
Eva,Luis Gerardo,Lira,Verduzco
Lia Aitana,Orlando,Varela,Chavira
Hannah,Diego Armando,Cordero,Ahumada
Jacqueline,Mateo De Jesus,Colin,Arzate
Yaritza,Mathias,Carrasco,Magdaleno
Alina,Johan,Alarcon,Leija
Marcela,Jose Adrian,Soriano,Macedo
Fernanda Guadalupe,Jose Leonardo,Mateo,Frausto
Fernanda Sofia,Mauro,Aquino,Guardado
Magali,Santiago Gael,Cazares,Piñon
Laura,Angel Alexander,Angel,Cabello
Andrea Sofia,Ariel,Altamirano,Jurado
Antonia,Ignacio,Cardona,Chino
Leticia,Mario Alberto,Rendon,Marmolejo
Pamela,Evan,Lucas,Pardo
Aylin Guadalupe,Liam Alejandro,Valdes,Licona
Luna Sofia,Alan Mateo,Arce,Carpio
Melina,Dariel,Aviles,De La O
Yolanda,Jose Alexander,Limon,Arizmendi
Dafne,Juan Luis,Hidalgo,Villalpando
Celeste,Dylan Alejandro,Quintana,Cancino
Daylin,Angel Sebastian,Toledo,Espindola
Lorena,Yair,Luis,Luevano
Maria Teresa,Ander,Portillo,Talavera
Carmen,Jose Gabriel,Muñiz,Peraza
Judith,William,Mena,Olivo
Natalia Guadalupe,Carlos David,Maya,Temoxtle
Camila Yamileth,Rigoberto,Segundo,Barboza
Cataleya,Angel Leonardo,Anguiano,Castelan
Galilea,Erick Daniel,De La Torre,Collazo
Maria Del Rosario,Rodolfo,Madrigal,Albino
Maite,Axel Uriel,Matias,Godoy
Maria Renata,Liam Daniel,Ordoñez,Monsivais
Nicol,Luis Gael,Ontiveros,Vaca
Renata Valentina,Luis Tadeo,Briones,Valtierra
Rosalinda,Angel Emmanuel,Montejo,Chairez
Damaris,Iker Tadeo,Cuellar,Evangelista
Luisa,Julio,Bello,Laureano
Amaia,Ian Eduardo,Casillas,Bruno
Karla Guadalupe,Liam Tadeo,Sotelo,Magallanes
Nancy,Tomas,Saavedra,Zermeño
Areli,Jorge Alberto,Covarrubias,Enciso
Evelyn Guadalupe,Juan Francisco,Barrientos,Silvestre
Alexa Yamileth,Angel Ivan,Pedraza,Domingo
Ana Luisa,Matteo,Montero,Puentes
Ainhoa,Angel Emiliano,Urbina,Coria
Hannia,Axel Santiago,Arteaga,De La Fuente
Katia,Humberto,Bustos,Bejarano
Estrella Guadalupe,Jose Matias,Melchor,Serrato
Maria Emilia,Angel Adrian,Delgadillo,Velarde
Ana Regina,Alan Gael,Ornelas,Carballo
Nathaly,Lorenzo,Bustamante,Cavazos
Angela Guadalupe,Adolfo,Rincon,Hau
Rosario,Dylan Alexis,Canche,Buendia
Alexa Nicole,Manuel Alejandro,Vicente,Anastacio
Gloria,Ramiro,Prado,Caro
Meredith,Eder,Poot,Nuño
Sherlyn,Jesus Alexis,Pablo,Pelayo
Claudia,Jesus Ivan,Nolasco,Celestino
Leilany,Jesus Enrique,Fonseca,Obregon
Yesenia,Santiago De Jesus,Linares,Yam
Zoe Guadalupe,Braulio,Paz,Barranco
Adilene,Carlos Gael,Jaimes,Garfias
Francisca,Luis Miguel,Velez,Casimiro
Perla,Juan De Dios,Aleman,Duron
Briana,Angel Yael,Reynoso,Posadas
Juliana,Bernardo,Puente,Pastrana
Melany Guadalupe,Ian Emmanuel,Jacobo,Tadeo
Victoria Sofia,Carlos Adrian,Carreon,Caudillo
Aitana Nicole,Erick Santiago,Patiño,De Anda
Lucia Fernanda,Matias Alexander,Cantu,Urbano
Ruth,Jesus Angel,Pulido,Almaguer
Sofia Nicole,Jesus Guadalupe,Frias,Salcido
Tamara,Derek,Cedillo,Zeferino
Renata Sofia,Leo,Gamboa,Avilez
Emma Lucia,Camilo,Neri,Rosario
Janeth,Ian Alexis,Damian,Virgen
Manuela,Ian David,Vallejo,Zenteno
Mia Alejandra,Jose Damian,Zamudio,Balbuena
Alexa Fernanda,Liam Jesus,Guadarrama,Balcazar
Ariadne,Ramon,Millan,Vite
Carla,Axel Gabriel,Espino,Carreño
Arlette,Carlos Damian,Avendaño,Aguila
Josefina,Iker Alejandro,Robledo,Hermosillo
Magaly,Angel Alejandro,Ceron,Bernardino
Naomi Guadalupe,Mateo Emiliano,Bolaños,Candelario
Nicole Guadalupe,German,Giron,Gaxiola
Dalia,Luis Carlos,Esteban,Barreto
Mia Elizabeth,Axel Tadeo,Jasso,Colunga
Mia Yamileth,Luis Alexander,Mota,Ambrocio
Sofia Abigail,Mateo Nicolas,Montaño,Crespo
Sofia Fernanda,Ian Yael,Valdivia,Sanabria
Arisbeth,Iker Jesus,Treviño,Samaniego
Ivanna Sofia,Erick Alexander,Barraza,Gerardo
Sofia Leilany,Joan,Negrete,Govea
Amayrani,Alan Daniel,Cerda,Guillermo
Daniela Sofia,Jose Enrique,Mireles,Grande
Daleyza,Luciano,Alejandro,Buenrostro
Maria Elizabeth,Diego Gael,Dzul,Merida
Ximena Sofia,Dylan Eduardo,Garrido,Raya
Beatriz,Eleazar,Alejo,Mar
Lia Renata,Tadeo De Jesus,Osuna,Pozos
Paloma,Leon,Jose,Morelos
Ana Camila,Matias Emiliano,Alcantar,Villeda
Eliza,Luca,Munguia,Polanco
Ailyn,Natanael,Olguin,Santes
Ana Cristina,Santiago Daniel,Caamal,Campuzano
Dayana Guadalupe,Angel Alexis,Angulo,Vieyra
Madison,Luis Mario,Araujo,Candia
Micaela,Damian Alejandro,Becerril,Aguillon
Victoria Valentina,Irving,Cota,Crisostomo
Alisson Guadalupe,Jesus Sebastian,Casas,Paulino
Ana Brenda,Jose Roberto,Heredia,Valverde
Ana Guadalupe,Jose Martin,Meneses,Arreguin
Maria De Los Angeles,Leonardo Gael,Chacon,Marcelo
Alice,Angel Alberto,Olmos,Aguero
Edith,Jose Andres,Gaona,Arrieta
Emily Valentina,Carlos Tadeo,Ledezma,Bedolla
Lia Romina,Danilo,Serna,Casanova
Anayeli,Juan Mateo,Pascual,Payan
Maricruz,Luis Armando,Banda,Gatica
Magdalena,Carlos Ivan,Felipe,Lobato
Rosa Isela,Mateo Sebastian,Chavarria,Caldera
Samantha Guadalupe,Santiago Alexander,Alcala,Tinajero
Alejandra Guadalupe,Alan Jesus,Andres,Bailon
Alexa Michelle,Pablo Emilio,Lemus,Muro
Roberta,Rene,Noriega,Romano
Silvia,Diego Antonio,Alanis,Leos
Marlene,Carlos Alejandro,Cornejo,Parada
Viridiana,Luis Adrian,Loera,Pinto
Camila Victoria,Angel Fernando,Vergara,Lagunes
Danna Guadalupe,Angel Zaid,Diego,Rea
Griselda,Victor Hugo,Badillo,Manjarrez
Mayra,Diego Alonso,Marcial,Callejas
Angela Victoria,Ian Sebastian,Rueda,Del Valle
Arlet,Miguel Alejandro,Barcenas,Venancio
Rocio,Rolando,Chi,Atilano
Victoria Elizabeth,Jorge Antonio,Aragon,Bazan
Lia Nicole,Alan Santiago,Adame,Tiburcio
Samanta,Axel Jesus,Almaraz,Antunez
Belinda,Santiago Alejandro,Mares,Constantino
Alison Guadalupe,Santiago Emmanuel,Ceballos,Daniel
Ambar,Angel Rafael,Tenorio,Gama
Georgina,Cristian Gael,Camarillo,Alejandre
Mariana Guadalupe,Angel Isaac,Nieves,Rodarte
Sofia Esmeralda,Dilan Gael,Valerio,Calvario
Sofia Michelle,Jesus Fernando,Jeronimo,Couoh
Aitana Yamileth,Jesus Alfredo,Juan,Cuautle
Arianna,Jorge Alejandro,Prieto,Yepez
Camila Nicole,Angel Said,Agustin,Alatorre
Genesis Guadalupe,Diego Alberto,Cadena,Picazo
Sara Sofia,Jeronimo,Cauich,Quintanilla
Irene,Liam Sebastian,Tejeda,Villavicencio
Ana Fernanda,Nathan,Arevalo,Briceño
Astrid,Jesus Abraham,Chable,Cocom
Joselin,Dylan Antonio,Amaro,Florentino
Quetzalli,Jordan,Velasquez,Remigio
Ana Gabriela,Javier Alejandro,Ramon,Zetina
Jocelyn,Jesus Damian,Uc,Noyola
Kenia Guadalupe,Jose Ricardo,Ordaz,Avelino
Ingrid,Liam David,Soria,Jarquin
Regina Isabella,Liam Eduardo,Roldan,Osornio
Regina Sofia,Luis Felipe,Bermudez,Toscano
Sofia Isabel,Axel Eduardo,Manuel,Mazariegos
Yaneli,David Alexander,Jaime,Zarco
Brianna,Gabriel Alejandro,Solorzano,Baños
Joselyn,Ian Emiliano,Amaya,Bastida
Lia Regina,Jesus Miguel,Almanza,Borja
Mia Renata,Gadiel,Olivas,Chimal
Danna Michelle,Hernan,Zacarias,Bobadilla
Evelyn Sofia,Jesus Emanuel,Ceja,Landero
Victoria Isabella,Liam Emmanuel,Zambrano,Orduña
Virginia,Lian,Landeros,Samano
Allison Guadalupe,Bryan,Ruvalcaba,Amado
Maria Magdalena,Iker Antonio,Bustillos,Cazarez
Maricela,Ivan Alejandro,Hinojosa,Valente
Reyna,Juan Alberto,Elias,Astorga
Estefani,Logan,Gabriel,Che
Lidia,Alan Tadeo,Verdugo,De La Paz
Mila,Cristian Daniel,Alba,Galarza
Sofia Valeria,Elian Gael,Ku,Grijalva
Victoria Alejandra,Jesus Armando,Tinoco,Huitron
Amalia,Dylan Daniel,Saenz,Ayon
Azul,Henry,Sifuentes,Roa
Cynthia,Tadeo Alexander,Acuña,Calva
Emma Isabella,Carlos Enrique,Mancilla,Machado
Lucia Guadalupe,Erick Mateo,Bañuelos,Eugenio
Ana Isabel,Victor Daniel,Sarmiento,Vidales
Romina Isabella,Diego Emiliano,Rojo,Gervacio
Alessa,Francisco Gael,Betancourt,Quijano
Andrea Valentina,Jose Elias,Clemente,Gayosso
Anna Victoria,Jose Javier,Corral,Casarrubias
Genesis Sofia,Luis Gabriel,Jacinto,Quirino
Johanna,Angel Yahir,Manzano,Justo
Mailen,Carlos Gabriel,Ledesma,Machuca
Michelle Guadalupe,Felix,Razo,Escudero
Stephanie,Isidro,Marroquin,Alamilla
Aitana Isabella,Leandro,Tomas,Joaquin
Diana Laura,Oscar Daniel,De Luna,Valero
Alexa Victoria,Aldair,Pedroza,Ascencion
Camila Alejandra,Ian Fernando,Ruelas,Gracia
Isabella Guadalupe,Jesus Matias,Lucio,Arciniega
Saori,Lucio,Lizarraga,Escalera
Angeles,Jose Arturo,Balam,Lino
Miguel,Ian Gabriel,Abarca,Silvano
